Country,MilitaryStrengthPowerIndex,AircraftStrengthvalue,Fighter/InterceptorStrengthvalue,AttackAircraftStrengthvalue,TransportAircraftFleetStrengthvalue,TrainerAircraftFleetvalue,HelicopterFleetStrengthvalue,AttackHelicopterFleetStrengthvalue,TankStrengthvalue,AFV/APCStrengthvalue,Self-PropelledArtilleryStrengthvalue,TowedArtilleryStrengthvalue,RocketProjectorStrengthvalue,NavyFleetStrengthsvalue,AircraftCarrierFleetStrengthvalue,SubmarineFleetStrengthvalue,DestroyerFleetStrengthvalue,FrigateFleetStrengthvalue,defensespendingbudgetvalue,ExternalDebtvalue,AirportTotalsvalue,OilProductionvalue,OilConsumptionvalue,ProvenOilReservesvalue,AvailableManpowervalue,TotalPopulationvalue,TotalSquareLandAreavalue,TotalCoastlineCoveragevalue,TotalWaterwayCoveragevalue,TotalBorderCoveragevalue
Afghanistan,1.3444,260.0,0.0,25.0,30.0,0.0,187.0,0.0,0.0,1062.0,0.0,176.0,50.0,0.0,0.0,0.0,0.0,0.0,12000000000.0,2840000000.0,43.0,0.0,5500.0,0.0,14325743.0,34940837.0,652230.0,0.0,1200.0,5987.0
Albania,2.3137,19.0,0.0,0.0,0.0,0.0,19.0,0.0,0.0,467.0,0.0,0.0,0.0,38.0,0.0,0.0,0.0,0.0,250000000.0,9505000000.0,4.0,16000.0,42500.0,168300000.0,1519438.0,3057220.0,28748.0,362.0,41.0,691.0
Algeria,0.4659,551.0,103.0,22.0,59.0,87.0,257.0,45.0,880.0,7361.0,320.0,240.0,316.0,201.0,0.0,6.0,0.0,5.0,13000000000.0,6260000000.0,157.0,1306000.0,325000.0,12200000000.0,20741263.0,41657488.0,2381741.0,998.0,0.0,6734.0
Angola,0.8379,295.0,72.0,18.0,30.0,47.0,126.0,15.0,379.0,595.0,28.0,357.0,115.0,57.0,0.0,0.0,0.0,0.0,7000000000.0,42080000000.0,176.0,1666000.0,82300.0,8273000000.0,6244205.0,30355880.0,1246700.0,1600.0,1300.0,5369.0
Argentina,0.6521,227.0,24.0,7.0,9.0,64.0,100.0,0.0,370.0,739.0,83.0,172.0,26.0,49.0,0.0,2.0,4.0,0.0,4200000000.0,214900000000.0,1138.0,479400.0,685000.0,2185000000.0,20179430.0,44694198.0,2780400.0,4989.0,11000.0,11968.0
Armenia,2.1251,64.0,0.0,9.0,3.0,13.0,37.0,20.0,110.0,748.0,38.0,150.0,68.0,0.0,0.3826086956521739,4.8,2.0521739130434784,3.5217391304347827,1385000000.0,10410000000.0,11.0,0.0,47500.0,0.0,1696085.0,3038217.0,29743.0,6171.3302752293575,0.0,1570.0
Australia,0.3225,464.0,82.0,6.0,38.0,174.0,133.0,22.0,59.0,3051.0,0.0,54.0,0.0,48.0,2.0,6.0,2.0,8.0,26300000000.0,1714000000000.0,480.0,263000.0,1005000.0,1821000000.0,10808002.0,23470145.0,7741220.0,25760.0,2000.0,3964.2248062015506
Austria,0.9568,120.0,15.0,0.0,11.0,32.0,62.0,0.0,56.0,467.0,33.0,0.0,0.0,0.0,0.3826086956521739,4.8,2.0521739130434784,3.5217391304347827,3380000000.0,630800000000.0,52.0,14260.0,215000.0,43000000.0,4017691.0,8793370.0,83871.0,6171.3302752293575,0.0,2524.0
Azerbaijan,0.9463,147.0,17.0,12.0,1.0,29.0,88.0,17.0,570.0,1451.0,187.0,227.0,162.0,31.0,0.0,4.0,0.0,1.0,2805000000.0,17410000000.0,37.0,789300.0,180000.0,7000000000.0,5042346.0,10046516.0,86600.0,713.0,0.0,2468.0
Bahrain,1.8547,109.0,17.0,0.0,2.0,37.0,65.0,22.0,180.0,843.0,33.0,26.0,17.0,39.0,0.0,0.0,0.0,1.0,1415000000.0,52150000000.0,4.0,45000.0,55000.0,124600000.0,806505.0,1422659.0,760.0,161.0,0.0,3964.2248062015506
Bangladesh,0.7066,177.0,44.0,0.0,11.0,57.0,67.0,0.0,276.0,1230.0,18.0,419.0,72.0,112.0,0.0,2.0,0.0,8.0,3800000000.0,50260000000.0,18.0,3666.0,112000.0,28000000.0,78913289.0,159453001.0,143998.0,580.0,8370.0,4413.0
Belarus,0.8179,202.0,39.0,68.0,4.0,28.0,63.0,21.0,532.0,1560.0,482.0,228.0,238.0,0.0,0.3826086956521739,4.8,2.0521739130434784,3.5217391304347827,623702800.0,39920000000.0,65.0,32000.0,190000.0,198000000.0,4982905.0,9527543.0,207600.0,6171.3302752293575,2500.0,3599.0
Belgium,1.0499,148.0,43.0,0.0,12.0,64.0,29.0,0.0,0.0,984.0,0.0,0.0,0.0,17.0,0.0,0.0,0.0,2.0,4921000000.0,1281000000000.0,41.0,0.0,645000.0,0.0,4833107.0,11570762.0,30528.0,67.0,2043.0,1297.0
Bhutan,10.1681,2.0,0.0,0.0,0.0,0.0,2.0,0.0,0.0,27.0,0.0,0.0,0.0,0.0,0.3826086956521739,4.8,2.0521739130434784,3.5217391304347827,25120000.0,2671000000.0,2.0,0.0,2000.0,0.0,176808.0,766397.0,38394.0,6171.3302752293575,0.0,1136.0
Bolivia,0.9942,69.0,0.0,0.0,14.0,23.0,38.0,0.0,54.0,137.0,0.0,86.0,0.0,173.0,0.0,0.0,0.0,0.0,660000000.0,12810000000.0,855.0,59330.0,60000.0,211500000.0,5075416.0,11306341.0,1098581.0,6171.3302752293575,10000.0,7252.0
Bosnia and Herzegovina,3.8586,19.0,0.0,0.0,0.0,0.0,19.0,0.0,320.0,332.0,24.0,837.0,143.0,0.0,0.0,0.0,0.0,0.0,165000000.0,10870000000.0,24.0,0.0,32500.0,0.0,2394632.0,3849891.0,51197.0,20.0,0.0,1543.0
Botswana,2.0582,45.0,10.0,0.0,11.0,8.0,16.0,0.0,55.0,245.0,0.0,30.0,20.0,84.98387096774194,0.3826086956521739,4.8,2.0521739130434784,3.5217391304347827,450000000.0,2187000000.0,74.0,0.0,16500.0,0.0,962617.0,2249104.0,581730.0,6171.3302752293575,0.0,4347.0
Brazil,0.1988,715.0,43.0,78.0,126.0,198.0,242.0,12.0,437.0,1820.0,132.0,565.0,84.0,112.0,0.0,6.0,0.0,7.0,27800000000.0,547400000000.0,4093.0,2622000.0,3020000.0,13000000000.0,107764996.0,208846892.0,8514877.0,7491.0,50000.0,16145.0
Bulgaria,0.8916,63.0,13.0,4.0,5.0,20.0,25.0,2.0,710.0,2000.0,506.0,350.0,192.0,29.0,0.0,0.0,0.0,4.0,1079000000.0,42060000000.0,68.0,1000.0,115000.0,15000000.0,3278916.0,7057504.0,110880.0,354.0,470.0,1806.0
Burkina Faso,1.9009,16.0,0.0,3.0,1.0,4.0,8.0,2.0,0.0,350.0,0.0,0.0,0.0,84.98387096774194,0.3826086956521739,4.8,2.0521739130434784,3.5217391304347827,130000000.0,3056000000.0,23.0,0.0,10500.0,0.0,7800000.0,19742715.0,274200.0,6171.3302752293575,0.0,3611.0
Cambodia,2.0557,22.0,0.0,0.0,5.0,0.0,17.0,0.0,263.0,340.0,0.0,150.0,570.0,27.0,0.0,0.0,0.0,0.0,604000000.0,11870000000.0,16.0,0.0,42500.0,0.0,8120963.0,16449519.0,181035.0,443.0,3700.0,2530.0
Cameroon,1.9902,29.0,0.0,0.0,6.0,6.0,15.0,0.0,0.0,222.0,8.0,61.0,20.0,64.0,0.0,0.0,0.0,0.0,347000000.0,9375000000.0,33.0,75720.0,32500.0,200000000.0,9487157.0,25640965.0,475440.0,400.0,0.0,5018.0
Canada,0.3712,385.0,62.0,0.0,38.0,135.0,145.0,0.0,80.0,1973.0,0.0,133.0,0.0,64.0,0.0,4.0,0.0,12.0,22500000000.0,1608000000000.0,1467.0,3977000.0,2500000.0,169700000000.0,16110865.0,35881659.0,9984670.0,202080.0,636.0,8893.0
Central African Republic,3.2889,3.0,0.0,0.0,2.0,0.0,1.0,0.0,4.0,55.0,0.0,20.0,0.0,84.98387096774194,0.3826086956521739,4.8,2.0521739130434784,3.5217391304347827,20000000.0,779900000.0,39.0,0.0,4500.0,0.0,2348581.0,5745062.0,622984.0,6171.3302752293575,2800.0,5920.0
Chad,1.6383,35.0,0.0,6.0,6.0,4.0,17.0,3.0,60.0,372.0,10.0,51.0,10.0,84.98387096774194,0.3826086956521739,4.8,2.0521739130434784,3.5217391304347827,200000000.0,1724000000.0,59.0,128000.0,100000.0,1500000000.0,6030834.0,15833116.0,1284000.0,6171.3302752293575,0.0,6406.0
Chile,0.7668,282.0,44.0,0.0,30.0,93.0,92.0,0.0,300.0,1430.0,48.0,158.0,10.0,69.0,0.0,4.0,0.0,10.0,4250000000.0,183400000000.0,481.0,3244.0,325000.0,150000000.0,8657902.0,17925262.0,756102.0,6435.0,12290.0,7801.0
China,0.0691,3210.0,1232.0,371.0,224.0,314.0,911.0,281.0,3500.0,33000.0,3800.0,3600.0,2650.0,777.0,2.0,74.0,36.0,52.0,237000000000.0,1598000000000.0,507.0,3838000.0,13500000.0,25620000000.0,752855402.0,1384688986.0,9596961.0,14500.0,110000.0,22457.0
Colombia,0.6045,469.0,21.0,38.0,76.0,80.0,224.0,0.0,0.0,595.0,6.0,110.0,0.0,453.0,0.0,11.0,0.0,4.0,10600000000.0,124600000000.0,836.0,853600.0,300000.0,2002000000.0,24084498.0,48168996.0,1138910.0,3208.0,24725.0,6672.0
Croatia,1.0183,78.0,12.0,0.0,0.0,27.0,47.0,0.0,72.0,604.0,24.0,151.0,105.0,28.0,0.0,0.0,0.0,0.0,800000000.0,48100000000.0,69.0,14000.0,82000.0,71000000.0,2088265.0,4270480.0,56594.0,5835.0,785.0,2237.0
Cuba,1.2208,80.0,38.0,0.0,2.0,26.0,14.0,4.0,1180.0,670.0,100.0,150.0,100.0,12.0,0.0,0.0,0.0,2.0,500000000.0,30060000000.0,133.0,50000.0,152000.0,124000000.0,5980621.0,11116396.0,110860.0,3735.0,240.0,29.0
Czechia,0.5531,95.0,12.0,16.0,8.0,15.0,44.0,15.0,116.0,682.0,86.0,85.0,0.0,84.98387096774194,0.3826086956521739,4.8,2.0521739130434784,3.5217391304347827,2969000000.0,205200000000.0,128.0,2000.0,200000.0,15000000.0,5011174.0,10686269.0,78867.0,6171.3302752293575,664.0,2046.0
Democratic Republic of the Congo,1.1389,53.0,2.0,4.0,13.0,0.0,34.0,8.0,175.0,100.0,16.0,120.0,57.0,20.0,0.0,0.0,0.0,0.0,100000000.0,4963000000.0,198.0,19160.0,10500.0,180000000.0,34112410.0,85281024.0,2344858.0,37.0,15000.0,10481.0
Denmark,0.7878,113.0,33.0,0.0,4.0,38.0,35.0,0.0,57.0,972.0,22.0,0.0,0.0,74.0,0.0,0.0,0.0,9.0,4760000000.0,484800000000.0,80.0,137100.0,162000.0,490600000.0,2590457.0,5809502.0,43094.0,7314.0,400.0,140.0
Dominican Republic,2.7504,49.0,0.0,8.0,10.0,4.0,28.0,0.0,6.0,20.0,0.0,20.0,0.0,33.0,0.0,0.0,0.0,0.0,760000000.0,29160000000.0,36.0,0.0,125000.0,0.0,4819818.0,10298756.0,48320.0,1288.0,350.0,376.0
Ecuador,1.0062,108.0,9.0,0.0,22.0,29.0,50.0,0.0,232.0,413.0,15.0,102.0,26.0,19.0,0.0,2.0,0.0,2.0,2500000000.0,39290000000.0,432.0,531300.0,282000.0,8273000000.0,7696551.0,16498502.0,283560.0,2237.0,1500.0,2237.0
Egypt,0.1872,1054.0,215.0,88.0,59.0,387.0,294.0,81.0,4295.0,11700.0,1139.0,2189.0,1084.0,316.0,2.0,8.0,0.0,7.0,11200000000.0,77470000000.0,83.0,589400.0,832000.0,4400000000.0,42946553.0,99413317.0,1001450.0,2450.0,3500.0,2612.0
El Salvador,3.1291,51.0,0.0,15.0,2.0,3.0,31.0,0.0,0.0,125.0,0.0,70.0,0.0,4.0,0.0,0.0,0.0,0.0,167000000.0,15510000000.0,68.0,0.0,45600.0,0.0,3106010.0,6187271.0,21041.0,307.0,0.0,590.0
Estonia,2.5893,7.0,0.0,0.0,2.0,5.0,4.0,0.0,0.0,181.0,18.0,66.0,0.0,6.0,0.0,0.0,0.0,0.0,685000000.0,19050000000.0,18.0,0.0,27500.0,0.0,596014.0,1244288.0,45228.0,3794.0,335.0,657.0
Ethiopia,0.8581,86.0,24.0,0.0,9.0,20.0,33.0,8.0,400.0,114.0,67.0,650.0,183.0,84.98387096774194,0.3826086956521739,4.8,2.0521739130434784,3.5217391304347827,350000000.0,26050000000.0,57.0,0.0,55000.0,428000.0,41143474.0,108386391.0,1104300.0,6171.3302752293575,104300.0,5925.0
Finland,0.8498,194.0,55.0,0.0,11.0,105.0,127.0,0.0,200.0,2050.0,100.0,627.0,75.0,246.0,0.0,0.0,0.0,0.0,3570000000.0,150600000000.0,148.0,0.0,205000.0,0.0,2307420.0,5537364.0,338145.0,1250.0,7842.0,2563.0
France,0.1702,1229.0,269.0,0.0,121.0,187.0,589.0,62.0,528.0,6028.0,109.0,12.0,13.0,180.0,4.0,9.0,11.0,11.0,41500000000.0,5360000000000.0,464.0,15170.0,1600000.0,72350000.0,30111868.0,67364357.0,643801.0,4853.0,8501.0,4072.0
Gabon,3.3736,23.0,6.0,0.0,2.0,0.0,15.0,0.0,0.0,70.0,0.0,16.0,0.0,10.0,0.0,0.0,0.0,0.0,83000000.0,6490000000.0,44.0,198800.0,16500.0,2000000000.0,842741.0,2119036.0,267667.0,885.0,1600.0,3261.0
Georgia,1.6679,66.0,0.0,10.0,2.0,12.0,38.0,9.0,143.0,950.0,69.0,133.0,51.0,9.0,0.0,0.0,0.0,0.0,327000000.0,16990000000.0,22.0,400.0,18500.0,35000000.0,2249744.0,4926087.0,69700.0,310.0,4349.0,1814.0
Germany,0.2186,712.0,128.0,74.0,71.0,26.0,386.0,56.0,245.0,4583.0,108.0,0.0,38.0,80.0,0.0,6.0,0.0,9.0,50000000000.0,5326000000000.0,539.0,43410.0,2500000.0,145400000.0,37010559.0,80457737.0,357022.0,2389.0,7467.0,3694.0
Ghana,2.0554,24.0,0.0,0.0,3.0,6.0,13.0,0.0,0.0,150.0,0.0,0.0,0.0,20.0,0.0,0.0,0.0,0.0,710000000.0,22140000000.0,10.0,151000.0,65000.0,660000000.0,12561805.0,28102471.0,238533.0,539.0,1293.0,2420.0
Greece,0.5311,566.0,187.0,0.0,15.0,143.0,231.0,29.0,1355.0,3691.0,547.0,463.0,152.0,116.0,0.0,11.0,0.0,13.0,4844000000.0,506600000000.0,77.0,2753.0,350000.0,10000000.0,4993347.0,10761523.0,131957.0,13676.0,6.0,1110.0
Guatemala,1.8302,33.0,0.0,4.0,8.0,6.0,15.0,0.0,12.0,135.0,0.0,106.0,0.0,26.0,0.0,0.0,0.0,0.0,240000000.0,22920000000.0,291.0,9666.0,85000.0,83070000.0,7063622.0,16581273.0,108889.0,400.0,990.0,1667.0
Honduras,2.0943,46.0,3.0,9.0,11.0,10.0,12.0,0.0,19.0,92.0,0.0,176.0,0.0,59.0,0.0,0.0,0.0,0.0,205000000.0,8625000000.0,103.0,0.0,60000.0,0.0,4104696.0,9182766.0,112090.0,832.0,465.0,1575.0
Hungary,0.8215,47.0,12.0,0.0,5.0,6.0,24.0,8.0,30.0,944.0,0.0,300.0,0.0,84.98387096774194,0.3826086956521739,4.8,2.0521739130434784,3.5217391304347827,2080000000.0,138100000000.0,41.0,14000.0,145000.0,25100000.0,4618081.0,9825704.0,103000.0,6171.3302752293575,1622.0,2106.0
India,0.0953,2123.0,538.0,172.0,250.0,359.0,722.0,23.0,4292.0,8686.0,235.0,4060.0,266.0,285.0,1.0,16.0,10.0,13.0,61000000000.0,501600000000.0,346.0,733900.0,5000000.0,4621000000.0,622480340.0,1296834042.0,3287263.0,7000.0,14500.0,13888.0
Indonesia,0.2544,462.0,41.0,39.0,54.0,109.0,177.0,16.0,313.0,1178.0,153.0,366.0,36.0,282.0,0.0,5.0,0.0,7.0,7600000000.0,344400000000.0,673.0,801700.0,1630000.0,3230000000.0,130868127.0,262787403.0,1904569.0,54716.0,21579.0,2958.0
Iran,0.2191,509.0,155.0,23.0,62.0,94.0,100.0,12.0,2056.0,4300.0,570.0,2088.0,1935.0,398.0,0.0,34.0,0.0,7.0,19600000000.0,7995000000.0,319.0,4469000.0,2000000.0,158400000000.0,47324105.0,83024745.0,1648195.0,2440.0,850.0,5894.0
Iraq,0.7911,348.0,26.0,33.0,16.0,102.0,186.0,40.0,309.0,4739.0,44.0,120.0,30.0,60.0,0.0,0.0,0.0,0.0,1730000000.0,73020000000.0,102.0,4454000.0,825000.0,142500000000.0,16399240.0,40194216.0,438317.0,58.0,5279.0,3809.0
Ireland,1.9481,19.0,0.0,0.0,0.0,8.0,8.0,0.0,0.0,124.0,0.0,0.0,0.0,8.0,0.0,0.0,0.0,0.0,870000000.0,2470000000000.0,40.0,0.0,145000.0,0.0,2366779.0,5068050.0,70273.0,1448.0,956.0,443.0
Israel,0.3111,589.0,259.0,18.0,15.0,154.0,146.0,48.0,2760.0,10275.0,650.0,300.0,100.0,65.0,0.0,5.0,0.0,0.0,20000000000.0,88660000000.0,47.0,390.0,250000.0,12730000.0,3647983.0,8424904.0,20770.0,273.0,0.0,1068.0
Italy,0.2111,860.0,99.0,110.0,38.0,185.0,439.0,59.0,200.0,6947.0,54.0,108.0,21.0,249.0,2.0,8.0,4.0,12.0,27800000000.0,2444000000000.0,129.0,77530.0,1300000.0,556700000.0,28011003.0,62246674.0,301340.0,7600.0,2400.0,1836.0
Ivory Coast,2.0236,8.0,0.0,0.0,4.0,0.0,4.0,3.0,15.0,109.0,0.0,7.0,6.0,10.0,0.0,0.0,0.0,0.0,550000000.0,13070000000.0,27.0,54000.0,25600.0,100000000.0,11160747.0,26260582.0,322463.0,515.0,980.0,3458.0
Japan,0.1501,1561.0,279.0,12.0,60.0,427.0,637.0,119.0,1004.0,3130.0,238.0,500.0,99.0,155.0,4.0,20.0,40.0,0.0,49000000000.0,3240000000000.0,175.0,3841.0,4000000.0,44120000.0,53873803.0,126168156.0,377915.0,29751.0,1770.0,3964.2248062015506
Jordan,1.1441,278.0,44.0,4.0,16.0,75.0,146.0,47.0,1313.0,2897.0,461.0,72.0,88.0,37.0,0.0,0.0,0.0,0.0,2600000000.0,29340000000.0,18.0,22.0,110000.0,1000000.0,3346692.0,10458413.0,89342.0,26.0,540.0,1744.0
Kazakhstan,0.9098,222.0,76.0,39.0,18.0,18.0,71.0,18.0,650.0,800.0,0.0,300.0,100.0,15.0,0.0,0.0,0.0,0.0,4000000000.0,167500000000.0,96.0,1777000.0,245000.0,30000000000.0,8585003.0,18744548.0,2724900.0,26.0,0.0,13364.0
Kenya,1.5287,150.0,17.0,0.0,20.0,32.0,79.0,0.0,76.0,479.0,30.0,25.0,0.0,19.0,0.0,0.0,0.0,0.0,121000000.0,27590000000.0,197.0,0.0,82000.0,0.0,19600998.0,48397527.0,580367.0,536.0,0.0,3457.0
Kuwait,1.5701,85.0,27.0,0.0,2.0,13.0,40.0,16.0,367.0,745.0,98.0,0.0,27.0,38.0,0.0,0.0,0.0,0.0,6831000000.0,47240000000.0,7.0,2753000.0,345000.0,101500000000.0,1641971.0,2916467.0,17818.0,499.0,0.0,475.0
Kyrgyzstan,1.9244,5.0,0.0,0.0,0.0,0.0,5.0,2.0,150.0,385.0,30.0,141.0,21.0,84.98387096774194,0.3826086956521739,4.8,2.0521739130434784,3.5217391304347827,20000000.0,8164000000.0,28.0,1000.0,17200.0,40000000.0,3029935.0,5849296.0,199951.0,6171.3302752293575,600.0,4573.0
Laos,3.4433,33.0,0.0,0.0,2.0,4.0,27.0,0.0,65.0,30.0,0.0,62.0,0.0,36.0,0.0,0.0,0.0,0.0,18500000.0,14900000000.0,41.0,0.0,4500.0,0.0,3248143.0,7234171.0,236800.0,6171.3302752293575,4600.0,5274.0
Latvia,2.0145,5.0,0.0,0.0,0.0,12.0,5.0,0.0,0.0,303.0,47.0,20.0,0.0,18.0,0.0,0.0,0.0,0.0,724000000.0,40020000000.0,42.0,0.0,32500.0,0.0,840595.0,1923559.0,64589.0,498.0,300.0,1370.0
Lebanon,2.5193,70.0,0.0,9.0,0.0,0.0,55.0,0.0,366.0,2228.0,12.0,374.0,30.0,57.0,0.0,0.0,0.0,0.0,2500000000.0,39300000000.0,8.0,0.0,110000.0,0.0,2135026.0,6100075.0,10400.0,225.0,170.0,484.0
Liberia,5.5737,0.0,0.0,0.0,0.0,0.0,0.0,0.0,0.0,0.0,0.0,0.0,0.0,0.0,0.0,0.0,0.0,0.0,13000000.0,1036000000.0,29.0,0.0,4500.0,0.0,2226923.0,4809768.0,111369.0,579.0,0.0,1667.0
Libya,1.3696,114.0,17.0,2.0,4.0,62.0,26.0,7.0,250.0,450.0,50.0,100.0,55.0,5.0,0.0,0.0,0.0,1.0,3000000000.0,3020000000.0,146.0,897100.0,315000.0,48360000000.0,3552871.0,6754507.0,1759540.0,1770.0,0.0,4339.0
Lithuania,1.4752,10.0,0.0,0.0,5.0,0.0,5.0,0.0,0.0,420.0,56.0,54.0,0.0,12.0,0.0,0.0,0.0,0.0,1107000000.0,34480000000.0,61.0,2000.0,72400.0,12000000.0,1779322.0,2793284.0,65300.0,90.0,441.0,1545.0
Madagascar,3.0869,6.0,0.0,0.0,0.0,0.0,6.0,0.0,12.0,103.0,0.0,25.0,0.0,8.0,0.0,0.0,0.0,0.0,115000000.0,4089000000.0,83.0,0.0,18500.0,0.0,10145026.0,25683610.0,587040.0,4828.0,600.0,3964.2248062015506
Malaysia,0.6546,170.0,26.0,13.0,18.0,40.0,65.0,0.0,74.0,1387.0,0.0,211.0,54.0,61.0,0.0,2.0,0.0,6.0,4000000000.0,217200000000.0,114.0,647900.0,835000.0,3600000000.0,15201837.0,31809660.0,329847.0,4675.0,7200.0,2742.0
Mali,1.8941,29.0,9.0,0.0,6.0,5.0,8.0,6.0,80.0,248.0,0.0,50.0,32.0,84.98387096774194,0.3826086956521739,4.8,2.0521739130434784,3.5217391304347827,70000000.0,4192000000.0,25.0,0.0,5500.0,0.0,5991557.0,18429893.0,1240192.0,6171.3302752293575,0.0,7908.0
Mauritania,3.0477,28.0,0.0,2.0,6.0,9.0,4.0,0.0,35.0,95.0,0.0,224.0,0.0,5.0,0.0,0.0,0.0,0.0,50250000.0,4150000000.0,30.0,4000.0,18500.0,20000000.0,1555374.0,3840429.0,1030700.0,754.0,0.0,5002.0
Mexico,0.6065,484.0,3.0,33.0,43.0,206.0,202.0,0.0,0.0,2199.0,0.0,265.0,0.0,189.0,0.0,0.0,0.0,4.0,7000000000.0,445800000000.0,1714.0,1981000.0,2000000.0,7640000000.0,60460418.0,125959205.0,1964375.0,9330.0,2900.0,4389.0
Moldova,2.1291,3.0,0.0,0.0,1.0,0.0,2.0,0.0,0.0,341.0,9.0,52.0,11.0,84.98387096774194,0.3826086956521739,4.8,2.0521739130434784,3.5217391304347827,30000000.0,6549000000.0,7.0,0.0,16320.0,0.0,2014503.0,3437720.0,33851.0,6171.3302752293575,558.0,1885.0
Mongolia,2.0299,9.0,0.0,0.0,3.0,0.0,6.0,0.0,470.0,750.0,0.0,300.0,130.0,84.98387096774194,0.3826086956521739,4.8,2.0521739130434784,3.5217391304347827,155000000.0,25330000000.0,44.0,20000.0,25000.0,0.0,1818609.0,3103428.0,1564116.0,6171.3302752293575,580.0,8082.0
Montenegro,2.9941,9.0,0.0,0.0,0.0,0.0,9.0,0.0,0.0,26.0,0.0,12.0,18.0,18.0,0.0,0.0,0.0,2.0,65000000.0,2516000000.0,5.0,0.0,4860.0,0.0,146191.0,614249.0,13812.0,294.0,0.0,680.0
Morocco,0.8408,214.0,46.0,0.0,31.0,67.0,64.0,0.0,1443.0,2901.0,505.0,200.0,144.0,121.0,0.0,0.0,0.0,3.0,10000000000.0,51480000000.0,55.0,160.0,206000.0,684000.0,17157065.0,34314130.0,446550.0,1835.0,0.0,2363.0
Mozambique,2.3364,16.0,8.0,0.0,1.0,1.0,6.0,2.0,100.0,335.0,0.0,260.0,12.0,8.0,0.0,0.0,0.0,0.0,245000000.0,10910000000.0,98.0,0.0,22500.0,0.0,4629744.0,27233789.0,799380.0,2470.0,460.0,4783.0
Myanmar,0.5691,276.0,59.0,21.0,27.0,82.0,86.0,9.0,434.0,1300.0,108.0,1612.0,84.0,187.0,0.0,1.0,0.0,5.0,2650000000.0,6594000000.0,64.0,12000.0,42600.0,139000000.0,30258643.0,55622506.0,676578.0,1930.0,12800.0,6522.0
Namibia,3.2817,30.0,6.0,0.0,3.0,14.0,7.0,2.0,7.0,410.0,0.0,50.0,4.0,8.0,0.0,0.0,0.0,0.0,505000000.0,7969000000.0,112.0,0.0,25000.0,0.0,582642.0,2533224.0,824292.0,1572.0,0.0,4220.0
Nepal,2.9891,16.0,0.0,0.0,3.0,0.0,13.0,0.0,0.0,214.0,0.0,84.0,0.0,84.98387096774194,0.3826086956521739,4.8,2.0521739130434784,3.5217391304347827,213000000.0,5849000000.0,47.0,0.0,20000.0,0.0,14739923.0,29717587.0,147181.0,6171.3302752293575,0.0,3159.0
Netherlands,0.5919,168.0,61.0,1.0,4.0,27.0,75.0,28.0,18.0,1546.0,57.0,160.0,0.0,63.0,0.0,4.0,0.0,6.0,12419000000.0,4063000000000.0,29.0,18170.0,840000.0,113200000.0,7820960.0,17151228.0,41543.0,451.0,6237.0,1053.0
New Zealand,1.3684,48.0,0.0,0.0,7.0,13.0,22.0,0.0,0.0,200.0,0.0,24.0,0.0,11.0,0.0,0.0,0.0,2.0,4300000000.0,91620000000.0,123.0,31480.0,150000.0,56900000.0,2115989.0,4545627.0,267710.0,15134.0,0.0,3964.2248062015506
Nicaragua,2.2747,19.0,0.0,0.0,5.0,1.0,14.0,0.0,104.0,265.0,0.0,654.0,163.0,30.0,0.0,0.0,0.0,0.0,140000000.0,11310000000.0,147.0,0.0,35000.0,0.0,3030436.0,6085213.0,130370.0,910.0,2220.0,1253.0
Niger,2.0153,16.0,0.0,2.0,5.0,0.0,7.0,1.0,0.0,182.0,0.0,0.0,0.0,84.98387096774194,0.3826086956521739,4.8,2.0521739130434784,3.5217391304347827,325000000.0,3728000000.0,30.0,11000.0,6500.0,150000000.0,6754519.0,19866231.0,1267000.0,6171.3302752293575,300.0,5834.0
Nigeria,0.6485,129.0,8.0,13.0,21.0,47.0,44.0,15.0,253.0,1789.0,25.0,339.0,36.0,75.0,0.0,0.0,0.0,0.0,2155000000.0,40960000000.0,54.0,1946000.0,275000.0,37060000000.0,77108499.0,203452505.0,923768.0,853.0,8600.0,4477.0
North Korea,0.3718,949.0,458.0,114.0,4.0,169.0,204.0,20.0,6045.0,10000.0,800.0,1000.0,2110.0,984.0,0.0,83.0,0.0,11.0,1600000000.0,5000000000.0,82.0,0.0,15500.0,0.0,13045878.0,25381085.0,120538.0,2495.0,2250.0,1607.0
North Macedonia,3.1808,20.0,0.0,0.0,0.0,10.0,14.0,4.0,31.0,251.0,0.0,144.0,24.0,84.98387096774194,0.3826086956521739,4.8,2.0521739130434784,3.5217391304347827,108152512.0,8790000000.0,10.0,0.0,18500.0,0.0,1053116.0,2118945.0,25713.0,6171.3302752293575,280.0,838.0
Norway,0.5277,150.0,59.0,15.0,4.0,32.0,47.0,0.0,52.0,730.0,80.0,0.0,12.0,62.0,0.0,6.0,0.0,4.0,7179000000.0,642300000000.0,95.0,1618000.0,260000.0,6611000000.0,2170365.0,5372191.0,323802.0,25148.0,1577.0,2566.0
Oman,1.2514,131.0,29.0,10.0,9.0,46.0,42.0,0.0,117.0,761.0,39.0,144.0,12.0,16.0,0.0,0.0,0.0,0.0,8686000000.0,46270000000.0,132.0,970400.0,100000.0,5373000000.0,1764529.0,3494116.0,309500.0,2092.0,0.0,1561.0
Pakistan,0.2364,1372.0,356.0,90.0,49.0,513.0,346.0,56.0,2200.0,7330.0,429.0,1226.0,100.0,100.0,0.0,8.0,0.0,9.0,11400000000.0,82190000000.0,151.0,89720.0,575000.0,350600000.0,96344277.0,207862518.0,796095.0,1046.0,25220.0,7257.0
Panama,3.6537,39.0,0.0,0.0,11.0,4.0,23.0,0.0,0.0,65.0,0.0,0.0,0.0,20.0,0.0,0.0,0.0,0.0,500000000.0,91530000000.0,117.0,0.0,100000.0,0.0,1759698.0,3800644.0,75420.0,2490.0,800.0,687.0
Paraguay,2.1898,33.0,0.0,0.0,6.0,15.0,11.0,0.0,13.0,63.0,0.0,108.0,0.0,40.0,0.0,0.0,0.0,0.0,250000000.0,17700000000.0,799.0,0.0,30000.0,0.0,3372366.0,7025763.0,406752.0,6171.3302752293575,3100.0,4655.0
Peru,0.6219,273.0,17.0,38.0,40.0,77.0,99.0,16.0,146.0,552.0,24.0,231.0,70.0,60.0,0.0,5.0,0.0,7.0,2560000000.0,66250000000.0,191.0,43520.0,210000.0,473000000.0,15352302.0,31331228.0,1285216.0,2414.0,8808.0,7062.0
Philippines,0.7852,171.0,0.0,19.0,23.0,24.0,97.0,0.0,7.0,513.0,0.0,286.0,0.0,103.0,0.0,0.0,0.0,2.0,3470000000.0,76180000000.0,247.0,15000.0,320000.0,138500000.0,51887757.0,105893381.0,300000.0,36289.0,3219.0,3964.2248062015506
Poland,0.3397,457.0,91.0,0.0,49.0,104.0,176.0,30.0,1069.0,2547.0,547.0,0.0,180.0,87.0,0.0,3.0,0.0,2.0,12000000000.0,241000000000.0,126.0,20070.0,585000.0,137800000.0,18826137.0,38420687.0,312685.0,440.0,3997.0,2845.0
Portugal,0.8612,90.0,24.0,0.0,11.0,18.0,23.0,0.0,133.0,756.0,18.0,61.0,0.0,41.0,0.0,2.0,0.0,5.0,3358000000.0,449000000000.0,64.0,0.0,265000.0,0.0,4804949.0,10355493.0,92090.0,1793.0,210.0,1224.0
Qatar,1.6703,123.0,24.0,6.0,12.0,35.0,46.0,3.0,92.0,250.0,46.0,12.0,15.0,86.0,0.0,0.0,0.0,0.0,6000000000.0,167800000000.0,6.0,1500000.0,190000.0,25240000000.0,612164.0,2363569.0,11586.0,563.0,0.0,87.0
Republic of the Congo,2.9509,13.0,2.0,0.0,3.0,0.0,8.0,1.0,86.0,225.0,0.0,0.0,6.0,6.0,0.0,0.0,0.0,0.0,715000000.0,4605000000.0,27.0,244200.0,185000.0,1600000000.0,1938754.0,5062021.0,342000.0,169.0,1120.0,5008.0
Romania,0.6177,143.0,26.0,0.0,12.0,41.0,62.0,0.0,943.0,1369.0,0.0,808.0,243.0,48.0,0.0,0.0,0.0,3.0,5050000000.0,95970000000.0,45.0,73740.0,240000.0,600000000.0,11007501.0,21457116.0,238391.0,225.0,1731.0,2844.0
Russia,0.0681,4163.0,873.0,742.0,424.0,497.0,1522.0,531.0,12950.0,27038.0,6083.0,4465.0,3860.0,603.0,1.0,62.0,16.0,10.0,48000000000.0,539600000000.0,1218.0,10580000.0,3225000.0,80000000000.0,69640160.0,142122776.0,17098242.0,37653.0,102000.0,22408.0
Saudi Arabia,0.3034,879.0,270.0,81.0,49.0,208.0,283.0,34.0,1062.0,12825.0,705.0,1818.0,122.0,55.0,0.0,0.0,0.0,3.0,67600000000.0,205100000000.0,214.0,10130000.0,4000000.0,266500000000.0,17703745.0,33091113.0,2149690.0,2640.0,0.0,4272.0
Serbia,0.9479,109.0,9.0,17.0,1.0,38.0,44.0,0.0,293.0,904.0,87.0,144.0,88.0,19.0,0.0,0.0,0.0,0.0,907000000.0,29500000000.0,26.0,18740.0,75000.0,77500000.0,3468274.0,7078110.0,77474.0,6171.3302752293575,587.0,2322.0
Sierra Leone,4.2063,5.0,0.0,0.0,0.0,0.0,5.0,2.0,0.0,13.0,0.0,0.0,0.0,10.0,0.0,0.0,0.0,0.0,75500000.0,1615000000.0,8.0,0.0,9500.0,0.0,1432872.0,6312212.0,71740.0,402.0,800.0,1093.0
Singapore,0.7966,235.0,100.0,0.0,9.0,36.0,77.0,17.0,180.0,3000.0,48.0,77.0,24.0,40.0,0.0,0.0,0.0,6.0,11200000000.0,566100000000.0,9.0,0.0,1340000.0,0.0,4017314.0,5995991.0,697.0,193.0,10.0,3964.2248062015506
Slovakia,0.8466,47.0,10.0,0.0,7.0,8.0,21.0,0.0,20.0,661.0,16.0,9.0,25.0,0.0,0.3826086956521739,4.8,2.0521739130434784,3.5217391304347827,2121817575.0,75040000000.0,35.0,200.0,82000.0,9000000.0,2776970.0,5445040.0,49035.0,6171.3302752293575,172.0,1587.0
Slovenia,1.9496,38.0,0.0,0.0,3.0,23.0,16.0,0.0,44.0,269.0,0.0,63.0,0.0,2.0,0.0,0.0,0.0,0.0,581000000.0,46300000000.0,16.0,5.0,55000.0,0.0,1002714.0,2102126.0,20273.0,47.0,0.0,1211.0
Somalia,4.6404,0.0,0.0,0.0,0.0,0.0,0.0,0.0,10.0,100.0,0.0,30.0,10.0,3.0,0.0,0.0,0.0,0.0,62200000.0,5300000000.0,61.0,0.0,6200.0,0.0,2702167.0,11259029.0,637657.0,3025.0,0.0,2385.0
South Africa,0.4985,226.0,17.0,0.0,23.0,88.0,91.0,12.0,195.0,2000.0,43.0,72.0,50.0,30.0,0.0,3.0,0.0,4.0,4278000000.0,156300000000.0,566.0,2000.0,605000.0,15000000.0,26250220.0,55380210.0,1219090.0,2798.0,0.0,5244.0
South Korea,0.1509,1649.0,414.0,71.0,41.0,298.0,803.0,112.0,2614.0,14000.0,3040.0,3854.0,575.0,234.0,0.3826086956521739,4.8,2.0521739130434784,3.5217391304347827,44000000000.0,384600000000.0,111.0,0.0,2800000.0,0.0,25709049.0,51418097.0,99720.0,2413.0,1600.0,237.0
South Sudan,2.3501,19.0,0.0,0.0,2.0,0.0,17.0,6.0,110.0,200.0,24.0,0.0,14.0,0.0,2.0,22.0,12.0,18.0,80000000.0,2250000000.0,85.0,150200.0,60000.0,3750000000.0,5245155.0,10204581.0,644329.0,6171.3302752293575,0.0,6018.0
Spain,0.3388,512.0,137.0,12.0,46.0,162.0,162.0,19.0,327.0,2023.0,95.0,140.0,0.0,77.0,1.0,3.0,0.0,11.0,15100000000.0,2094000000000.0,150.0,2252.0,1226000.0,150000000.0,23136275.0,49331076.0,505370.0,4964.0,1000.0,1953.0
Sri Lanka,1.4661,77.0,0.0,0.0,15.0,6.0,54.0,9.0,202.0,570.0,0.0,209.0,22.0,40.0,0.0,0.0,0.0,0.0,2500000000.0,51720000000.0,19.0,0.0,90000.0,0.0,10927071.0,22576592.0,65610.0,1340.0,160.0,3964.2248062015506
Sudan,1.3017,190.0,46.0,38.0,22.0,11.0,73.0,43.0,690.0,400.0,10.0,0.0,0.0,18.0,0.0,0.0,0.0,0.0,2470000000.0,56050000000.0,74.0,102300.0,96800.0,5000000000.0,24061430.0,43120843.0,1861484.0,853.0,1723.0,6819.0
Suriname,4.6042,3.0,0.0,0.0,0.0,0.0,3.0,0.0,0.0,66.0,0.0,0.0,0.0,3.0,0.0,0.0,0.0,0.0,63000000.0,1700000000.0,55.0,17000.0,15100.0,83980000.0,132740.0,597927.0,163820.0,386.0,1200.0,1907.0
Sweden,0.5304,204.0,71.0,0.0,6.0,69.0,53.0,0.0,126.0,1036.0,88.0,0.0,0.0,63.0,0.0,5.0,0.0,0.0,6326923600.0,939900000000.0,231.0,0.0,320000.0,0.0,4116808.0,10040995.0,450295.0,3218.0,2052.0,2211.0
Switzerland,0.5259,169.0,54.0,0.0,18.0,54.0,42.0,0.0,326.0,1338.0,224.0,0.0,0.0,0.0,0.3826086956521739,4.8,2.0521739130434784,3.5217391304347827,5000000000.0,1664000000000.0,63.0,0.0,260000.0,0.0,3632250.0,8292809.0,41277.0,6171.3302752293575,1299.0,1770.0
Syria,0.8241,456.0,199.0,20.0,5.0,67.0,165.0,27.0,4135.0,5370.0,575.0,2550.0,750.0,56.0,0.0,0.0,0.0,2.0,1800000000.0,4989000000.0,90.0,14000.0,260000.0,2500000000.0,12450728.0,19454263.0,185180.0,193.0,900.0,2363.0
Taiwan,0.4008,744.0,289.0,0.0,19.0,207.0,210.0,91.0,1180.0,2000.0,482.0,1160.0,115.0,117.0,0.0,4.0,4.0,22.0,10725000000.0,181900000000.0,37.0,196.0,1032000.0,2380000.0,12196809.0,23545963.0,35980.0,1566.0,3720.0,3964.2248062015506
Tajikistan,1.8661,25.0,0.0,0.0,1.0,4.0,20.0,6.0,253.0,347.0,0.0,90.0,128.0,0.0,0.3826086956521739,4.8,2.0521739130434784,3.5217391304347827,1600000000.0,5750000000.0,24.0,180.0,20500.0,12000000.0,4095924.0,8604882.0,143100.0,6171.3302752293575,200.0,4130.0
Tanzania,2.0651,34.0,14.0,0.0,6.0,8.0,6.0,0.0,156.0,70.0,0.0,12.0,0.0,19.0,0.0,0.0,0.0,0.0,223000000.0,17660000000.0,166.0,0.0,46000.0,0.0,10258498.0,55451343.0,947300.0,1424.0,0.0,4161.0
Thailand,0.3571,570.0,75.0,19.0,48.0,154.0,307.0,7.0,841.0,1416.0,20.0,776.0,25.0,292.0,1.0,0.0,0.0,7.0,7100000000.0,132000000000.0,101.0,239700.0,1345000.0,396400000.0,35543014.0,68615858.0,513120.0,3219.0,4000.0,5673.0
Tunisia,1.4619,147.0,12.0,0.0,14.0,29.0,92.0,0.0,181.0,878.0,20.0,165.0,0.0,50.0,0.0,0.0,0.0,0.0,550000000.0,30190000000.0,29.0,49170.0,90500.0,425000000.0,5850224.0,11516189.0,163610.0,1148.0,0.0,1495.0
Turkey,0.2098,1055.0,206.0,0.0,80.0,276.0,497.0,100.0,2622.0,8777.0,1278.0,1260.0,438.0,149.0,0.0,12.0,0.0,16.0,19000000000.0,452400000000.0,98.0,245000.0,845000.0,388500000.0,41847478.0,81257239.0,783562.0,7200.0,1200.0,2816.0
Turkmenistan,1.3292,72.0,24.0,20.0,3.0,0.0,25.0,10.0,712.0,2000.0,68.0,269.0,116.0,4.0,0.0,0.0,0.0,0.0,200000000.0,539400000.0,26.0,230880.0,150000.0,600000000.0,2797493.0,5411012.0,488100.0,1768.0,1300.0,4158.0
Uganda,1.6176,48.0,10.0,0.0,2.0,10.0,26.0,5.0,371.0,1081.0,6.0,53.0,26.0,8.0,0.0,0.0,0.0,0.0,935000000.0,10800000000.0,47.0,0.0,17500.0,2500000000.0,14707350.0,40853749.0,241038.0,6171.3302752293575,0.0,2729.0
Ukraine,0.4457,297.0,48.0,25.0,32.0,76.0,121.0,34.0,2026.0,10135.0,738.0,2040.0,430.0,25.0,0.0,0.0,0.0,1.0,5400000000.0,130000000000.0,187.0,29650.0,325000.0,395000000.0,22195911.0,43952299.0,603550.0,2782.0,2150.0,5618.0
United Arab Emirates,0.7034,538.0,98.0,20.0,40.0,145.0,229.0,30.0,434.0,8691.0,183.0,76.0,72.0,75.0,0.0,0.0,0.0,0.0,22755000000.0,237600000000.0,43.0,3174000.0,575000.0,97800000000.0,5820789.0,9701315.0,83600.0,1318.0,0.0,1066.0
United Kingdom,0.1717,733.0,133.0,15.0,44.0,241.0,312.0,49.0,227.0,5000.0,89.0,126.0,35.0,88.0,2.0,10.0,6.0,13.0,55100000000.0,8126000000000.0,460.0,910500.0,1600000.0,2564000000.0,29948413.0,65105246.0,243610.0,12429.0,3200.0,443.0
United States,0.0606,13264.0,2085.0,715.0,945.0,2643.0,5768.0,967.0,6289.0,39253.0,1465.0,2740.0,1366.0,490.0,20.0,66.0,91.0,0.0,750000000000.0,17910000000000.0,13513.0,9352000.0,20000000.0,36520000000.0,144872845.0,329256465.0,9826675.0,19924.0,41009.0,12048.0
Uruguay,1.8909,50.0,0.0,7.0,9.0,16.0,13.0,0.0,78.0,463.0,0.0,0.0,4.0,20.0,0.0,0.0,0.0,1.0,4950000000.0,28370000000.0,133.0,0.0,55600.0,0.0,1549878.0,3369299.0,176215.0,660.0,1600.0,1591.0
Uzbekistan,0.8086,185.0,66.0,20.0,18.0,2.0,79.0,25.0,420.0,1215.0,137.0,0.0,98.0,0.0,0.3826086956521739,4.8,2.0521739130434784,3.5217391304347827,975000000.0,16900000000.0,53.0,46070.0,142000.0,594000000.0,15912566.0,30023709.0,447400.0,420.0,1100.0,6893.0
Venezuela,0.6449,260.0,38.0,0.0,52.0,82.0,86.0,10.0,390.0,600.0,73.0,104.0,36.0,49.0,0.0,2.0,0.0,4.0,745000000.0,100300000000.0,444.0,2007000.0,575000.0,300900000000.0,14260129.0,31689176.0,912050.0,2800.0,7100.0,5267.0
Vietnam,0.3559,293.0,77.0,0.0,38.0,36.0,138.0,25.0,2615.0,2530.0,70.0,1000.0,85.0,65.0,0.0,6.0,0.0,9.0,5500000000.0,96580000000.0,45.0,271400.0,525000.0,4400000000.0,51043216.0,97040334.0,331210.0,3444.0,17702.0,4616.0
Yemen,1.2412,169.0,77.0,0.0,8.0,21.0,61.0,14.0,620.0,615.0,20.0,85.0,150.0,30.0,0.0,0.0,0.0,0.0,1400000000.0,7068000000.0,57.0,12260.0,145000.0,3000000000.0,11266221.0,28667230.0,527968.0,1906.0,0.0,1601.0
Zambia,1.6464,108.0,18.0,0.0,11.0,52.0,27.0,0.0,75.0,184.0,0.0,42.0,50.0,0.0,0.0,0.0,0.0,0.0,40000000.0,11660000000.0,88.0,0.0,21000.0,0.0,6166905.0,16445079.0,752618.0,6171.3302752293575,2250.0,6043.0
Zimbabwe,1.7577,90.0,10.0,0.0,14.0,38.0,28.0,6.0,42.0,300.0,0.0,65.0,22.0,0.0,0.0,0.0,0.0,0.0,100000000.0,9357000000.0,196.0,0.0,19500.0,0.0,5584086.0,14030368.0,390757.0,6171.3302752293575,0.0,3229.0
